student_id,name,grade,section,subject,semester,attendance_pct,participation_level,late_submissions,missing_assignments,total_assignments,quiz_1,quiz_2,quiz_3,quiz_4,quiz_5,quiz_avg,assignment_1,assignment_2,assignment_3,assignment_4,assignment_5,assignment_6,assignment_7,assignment_8,assignment_avg,midterm_score,final_exam_score,overall_score,weak_topic,second_weak_topic,days_since_login,parent_phone,parent_email,risk_score,risk_level
STU1001,Faisal Khan,Grade 10,A,Pakistan Studies,Spring 2025,43.0,Medium,8,2,8,38,33,21,20,22,26.8,36.0,,39.0,,20.0,37.0,26.0,42.0,33.33,32,34,31.93,Historical Events,Natural Resources,25,03174676249,parent.faisal10@gmail.com,64.9,High Risk
STU1002,Rahim Syed,Grade 10,A,English,Spring 2025,90.0,Medium,0,0,8,86,86,94,83,100,89.8,79.0,92.0,95.0,81.0,90.0,80.0,95.0,87.0,87.38,96,86,89.54,Prepositions,Punctuation,0,03112300889,parent.rahim94@gmail.com,12.55,Low Risk
STU1003,Farah Mehmood,Grade 9,A,Mathematics,Fall 2025,78.9,Medium,3,1,8,56,71,58,72,71,65.6,69.0,,70.0,55.0,67.0,73.0,57.0,55.0,63.71,58,62,62.06,Probability,Matrices,7,03187048983,parent.farah17@gmail.com,30.68,Medium Risk
STU1004,Farah Raza,Grade 10,B,Islamiyat,Fall 2025,66.5,Low,6,3,8,40,35,32,48,49,40.8,24.0,,,27.0,43.0,37.0,37.0,,33.6,43,32,36.83,Islamic History,Prayer,18,03158873467,parent.farah27@gmail.com,58.6,High Risk
STU1005,Naila Durrani,Grade 8,A,Mathematics,Spring 2025,96.9,High,0,0,8,87,87,94,89,91,89.6,86.0,95.0,78.0,99.0,81.0,99.0,95.0,86.0,89.88,87,93,90.2,Calculus,Algebra,1,03221795530,parent.naila10@gmail.com,3.53,Low Risk
STU1006,Bushra Hashmi,Grade 9,C,Islamiyat,Spring 2025,89.5,High,2,0,8,81,79,86,99,80,85.0,95.0,94.0,78.0,97.0,88.0,93.0,78.0,81.0,88.0,85,81,84.2,Pillars of Islam,Islamic History,1,03252298718,parent.bushra20@gmail.com,11.9,Low Risk
STU1007,Talha Durrani,Grade 8,C,Islamiyat,Spring 2025,53.8,Low,6,5,8,50,26,49,37,44,41.2,34.0,48.0,,,36.0,,,,39.33,32,27,33.56,Prayer,Hadith,9,03190754153,parent.talha12@gmail.com,64.81,High Risk
STU1008,Shabana Memon,Grade 12,A,Science,Spring 2025,58.3,Low,4,4,8,22,36,27,28,41,30.8,43.0,,49.0,48.0,,38.0,,,44.5,32,45,38.81,Ecology,Optics,22,03316760825,parent.shabana62@gmail.com,59.81,High Risk
STU1009,Imran Sheikh,Grade 11,B,Mathematics,Fall 2025,82.1,Low,1,0,8,62,73,60,75,53,64.6,57.0,56.0,56.0,67.0,64.0,54.0,63.0,55.0,59.0,57,52,57.17,Trigonometry,Number Theory,5,03316901819,parent.imran80@gmail.com,31.72,Medium Risk
STU1010,Yousuf Noor,Grade 12,A,Pakistan Studies,Spring 2025,97.7,Medium,1,0,8,90,81,87,76,80,82.8,90.0,78.0,90.0,86.0,92.0,87.0,91.0,100.0,89.25,82,86,85.01,Historical Events,Major Cities,2,03158438638,parent.yousuf17@gmail.com,14.49,Low Risk
STU1011,Mohsin Lodhi,Grade 10,A,Mathematics,Spring 2025,92.5,High,0,0,8,76,91,77,80,77,80.2,97.0,80.0,99.0,85.0,90.0,81.0,96.0,85.0,89.12,97,82,86.81,Sequences,Fractions,3,03276462265,parent.mohsin84@gmail.com,7.2,Low Risk
STU1012,Hassan Khawaja,Grade 10,A,English,Fall 2025,51.5,Low,6,5,8,30,49,44,49,22,38.8,,22.0,37.0,,,,26.0,,28.33,29,31,31.53,Antonyms,Literature,9,03165574598,parent.hassan57@gmail.com,66.1,High Risk
STU1013,Irfan Mirza,Grade 12,C,Urdu,Fall 2025,99.8,High,0,0,8,96,92,84,96,78,89.2,82.0,86.0,81.0,81.0,95.0,82.0,86.0,87.0,85.0,100,90,91.34,Qawaid,Prose,1,03284548605,parent.irfan91@gmail.com,2.76,Low Risk
STU1014,Rohail Rehman,Grade 8,A,Islamiyat,Fall 2025,85.7,Medium,0,0,8,95,83,80,98,89,89.0,95.0,100.0,91.0,95.0,78.0,81.0,80.0,100.0,90.0,79,91,87.4,Fiqh,Ramadan,1,03215369993,parent.rohail26@gmail.com,14.04,Low Risk
STU1015,Ayesha Aslam,Grade 8,B,English,Spring 2025,95.0,High,2,0,8,88,94,98,79,82,88.2,83.0,83.0,91.0,78.0,83.0,88.0,91.0,99.0,87.0,83,83,84.84,Vocabulary,Punctuation,3,03110395056,parent.ayesha70@gmail.com,9.45,Low Risk
STU1016,Kamran Iqbal,Grade 11,B,Islamiyat,Fall 2025,98.1,Medium,2,0,8,81,87,85,83,77,82.6,86.0,89.0,98.0,94.0,90.0,99.0,95.0,88.0,92.38,86,85,86.25,Quran Tafseer,Fiqh,2,03110269588,parent.kamran23@gmail.com,16.92,Low Risk
STU1017,Farhan Syed,Grade 10,B,English,Spring 2025,78.1,Medium,4,0,8,66,75,67,71,73,70.4,73.0,73.0,71.0,56.0,61.0,63.0,52.0,71.0,65.0,71,55,64.08,Punctuation,Tenses,7,03180617145,parent.farhan74@gmail.com,30.97,Medium Risk
STU1018,Amber Niazi,Grade 11,C,English,Fall 2025,87.9,High,1,0,8,96,98,80,94,93,92.2,87.0,90.0,95.0,78.0,87.0,87.0,84.0,91.0,87.38,92,94,91.82,Prepositions,Punctuation,3,03281362305,parent.amber37@gmail.com,8.08,Low Risk
STU1019,Naila Bokhari,Grade 9,C,Islamiyat,Spring 2025,79.3,Medium,1,0,8,71,59,57,75,56,63.6,54.0,50.0,51.0,57.0,65.0,69.0,77.0,74.0,62.12,63,60,61.89,Hadith,Zakat,7,03286926170,parent.naila59@gmail.com,24.81,Low Risk
STU1020,Saba Awan,Grade 9,C,Science,Spring 2025,97.9,High,1,0,8,82,80,100,97,91,90.0,92.0,79.0,95.0,85.0,81.0,92.0,82.0,92.0,87.25,97,90,91.2,Genetics,Ecology,3,03264457605,parent.saba74@gmail.com,5.63,Low Risk
STU1021,Furqan Memon,Grade 9,C,Urdu,Fall 2025,80.5,High,3,2,8,65,70,57,58,64,62.8,59.0,,57.0,58.0,60.0,,60.0,78.0,62.0,54,57,58.41,Insha,Grammar,3,03202820253,parent.furqan98@gmail.com,25.15,Low Risk
STU1022,Kiran Chaudhry,Grade 11,B,Mathematics,Fall 2025,75.8,Medium,4,1,8,74,68,72,50,74,67.6,65.0,50.0,61.0,59.0,74.0,62.0,,77.0,64.0,73,62,66.27,Matrices,Sequences,5,03158900547,parent.kiran44@gmail.com,33.61,Medium Risk
STU1023,Huma Durrani,Grade 11,B,Mathematics,Fall 2025,97.6,High,2,0,8,92,75,87,93,93,88.0,99.0,78.0,80.0,98.0,91.0,82.0,92.0,83.0,87.88,90,90,89.18,Fractions,Calculus,1,03222057421,parent.huma51@gmail.com,8.72,Low Risk
STU1024,Lubna Gill,Grade 11,B,English,Spring 2025,80.5,Low,3,0,8,70,52,74,70,51,63.4,74.0,50.0,57.0,56.0,76.0,50.0,69.0,54.0,60.75,65,55,60.33,Vocabulary,Comprehension,6,03158509411,parent.lubna69@gmail.com,37.5,Medium Risk
STU1025,Waseem Cheema,Grade 12,C,Science,Spring 2025,87.5,Medium,2,0,8,75,84,93,96,87,87.0,90.0,100.0,84.0,80.0,96.0,100.0,98.0,85.0,91.62,99,99,95.12,Newton's Laws,Electricity,0,03313735615,parent.waseem82@gmail.com,19.0,Low Risk
STU1026,Ayesha Bhatti,Grade 11,C,Computer Science,Fall 2025,58.8,Low,7,5,8,23,33,50,31,40,35.4,43.0,,36.0,,50.0,,,,43.0,49,35,40.18,Algorithms,Recursion,21,03216923636,parent.ayesha85@gmail.com,67.26,High Risk
STU1027,Naveed Hussain,Grade 9,A,Islamiyat,Fall 2025,88.7,High,2,0,8,96,87,85,75,90,86.6,88.0,83.0,93.0,84.0,89.0,86.0,88.0,86.0,87.12,95,80,86.49,Ramadan,Islamic History,1,03122981554,parent.naveed40@gmail.com,11.74,Low Risk
STU1028,Rehan Durrani,Grade 9,C,Computer Science,Fall 2025,92.4,High,0,0,8,84,82,87,97,82,86.4,87.0,99.0,96.0,89.0,93.0,95.0,94.0,89.0,92.75,88,91,89.68,Networking,Recursion,3,03172723574,parent.rehan49@gmail.com,5.68,Low Risk
STU1029,Waseem Butt,Grade 9,B,Mathematics,Spring 2025,99.3,High,0,0,8,81,98,90,83,98,90.0,96.0,94.0,97.0,87.0,81.0,84.0,87.0,85.0,88.88,87,80,85.53,Calculus,Geometry,1,03173634887,parent.waseem15@gmail.com,2.71,Low Risk
STU1030,Hamza Memon,Grade 9,C,English,Fall 2025,40.4,Low,7,5,8,30,25,50,21,28,30.8,,22.0,38.0,,,40.0,,,33.33,29,45,35.83,Grammar,Vocabulary,25,03181560225,parent.hamza20@gmail.com,73.93,High Risk
STU1031,Iqra Malik,Grade 11,C,Computer Science,Spring 2025,90.7,High,1,0,8,93,88,84,93,94,90.4,79.0,97.0,81.0,84.0,98.0,84.0,86.0,99.0,88.5,85,85,86.78,Functions,OOP,0,03142018905,parent.iqra10@gmail.com,7.69,Low Risk
STU1032,Rehan Abbasi,Grade 12,B,Pakistan Studies,Fall 2025,48.4,Low,7,2,8,41,27,49,28,45,38.0,23.0,37.0,27.0,,40.0,24.0,49.0,,33.33,27,21,28.37,Culture,Constitution,12,03312769610,parent.rehan49@gmail.com,65.98,High Risk
STU1033,Farhan Pasha,Grade 11,A,English,Fall 2025,95.5,High,2,0,8,92,90,89,77,94,88.4,79.0,91.0,88.0,97.0,86.0,78.0,80.0,85.0,85.5,99,88,90.33,Prepositions,Grammar,0,03304845512,parent.farhan32@gmail.com,9.25,Low Risk
STU1034,Muneeb Khawaja,Grade 11,B,Pakistan Studies,Spring 2025,91.5,High,0,0,8,90,86,88,85,85,86.8,99.0,81.0,83.0,88.0,91.0,100.0,93.0,87.0,90.25,79,94,88.06,Natural Resources,Government,0,03184427556,parent.muneeb42@gmail.com,5.85,Low Risk
STU1035,Sumera Malik,Grade 11,C,Islamiyat,Spring 2025,93.1,High,0,0,8,91,86,94,99,90,92.0,98.0,92.0,79.0,84.0,86.0,95.0,82.0,87.0,87.88,81,80,84.23,Prayer,Zakat,1,03290530876,parent.sumera30@gmail.com,4.07,Low Risk
STU1036,Amber Memon,Grade 12,B,Mathematics,Spring 2025,64.4,Low,4,3,8,35,49,42,29,36,38.2,35.0,27.0,34.0,,,37.0,,24.0,31.4,44,36,37.52,Matrices,Statistics,30,03136643679,parent.amber18@gmail.com,54.88,Medium Risk
STU1037,Shazia Niazi,Grade 12,B,English,Spring 2025,74.2,Medium,4,0,8,64,67,65,61,60,63.4,67.0,74.0,67.0,62.0,64.0,60.0,77.0,56.0,65.88,57,74,66.01,Vocabulary,Synonyms,2,03185409807,parent.shazia70@gmail.com,33.89,Medium Risk
STU1038,Salman Gill,Grade 9,B,Pakistan Studies,Spring 2025,68.0,Low,4,5,8,23,36,49,34,20,32.4,,,,,35.0,,45.0,28.0,36.0,45,22,32.63,Foreign Policy,Major Cities,17,03281021460,parent.salman78@gmail.com,57.75,High Risk
STU1039,Salman Hussain,Grade 11,C,Pakistan Studies,Spring 2025,88.5,High,1,0,8,82,98,77,88,78,84.6,98.0,100.0,81.0,92.0,83.0,100.0,87.0,78.0,89.88,79,89,85.8,Independence Movement,Natural Resources,2,03200620638,parent.salman65@gmail.com,9.8,Low Risk
STU1040,Asad Javed,Grade 11,C,Computer Science,Spring 2025,42.3,Medium,8,3,8,35,49,38,24,27,34.6,34.0,28.0,,41.0,20.0,,48.0,,34.2,46,37,38.21,HTML/CSS,Algorithms,12,03119827153,parent.asad66@gmail.com,64.41,High Risk
STU1041,Junaid Siddique,Grade 11,C,English,Fall 2025,74.2,High,4,0,8,57,62,68,61,68,63.2,59.0,72.0,59.0,50.0,76.0,71.0,62.0,58.0,63.38,69,79,70.22,Grammar,Essay Writing,4,03308236382,parent.junaid39@gmail.com,26.94,Low Risk
STU1042,Nasreen Bhatti,Grade 9,C,Science,Fall 2025,95.8,High,0,0,8,95,78,95,95,76,87.8,87.0,92.0,79.0,96.0,89.0,82.0,80.0,87.0,86.5,83,86,85.71,Electricity,Optics,1,03311127925,parent.nasreen79@gmail.com,4.31,Low Risk
STU1043,Babar Khawaja,Grade 10,A,Computer Science,Fall 2025,99.2,High,1,0,8,98,85,100,78,89,90.0,80.0,82.0,85.0,99.0,99.0,90.0,95.0,89.0,89.88,78,88,86.28,Functions,HTML/CSS,0,03222080695,parent.babar57@gmail.com,5.24,Low Risk
STU1044,Bushra Siddique,Grade 10,A,Urdu,Spring 2025,78.7,High,3,2,8,57,70,52,70,64,62.6,63.0,53.0,54.0,51.0,,,51.0,59.0,55.17,53,63,58.85,Muhavare,Grammar,6,03136417040,parent.bushra59@gmail.com,25.74,Low Risk
STU1045,Jawad Cheema,Grade 12,B,Pakistan Studies,Spring 2025,94.8,High,2,0,8,88,83,76,97,86,86.0,84.0,92.0,92.0,85.0,89.0,81.0,99.0,89.0,88.88,79,92,86.93,Historical Events,Foreign Policy,2,03150951346,parent.jawad25@gmail.com,10.06,Low Risk
STU1046,Jawad Siddiqui,Grade 9,C,Pakistan Studies,Spring 2025,49.7,High,8,3,8,22,46,44,37,26,35.0,30.0,,44.0,,24.0,45.0,,48.0,38.2,33,47,39.34,Government,Independence Movement,11,03134894497,parent.jawad79@gmail.com,55.09,High Risk
STU1047,Waseem Qureshi,Grade 8,A,Mathematics,Spring 2025,81.0,Medium,1,0,8,58,51,54,73,63,59.8,66.0,53.0,73.0,52.0,65.0,64.0,74.0,61.0,63.5,64,80,68.66,Number Theory,Algebra,3,03265116485,parent.waseem15@gmail.com,25.25,Low Risk
STU1048,Shoaib Aslam,Grade 8,A,Urdu,Fall 2025,91.4,Medium,2,0,8,89,77,77,85,94,84.4,82.0,80.0,82.0,86.0,97.0,98.0,96.0,95.0,89.5,97,96,92.63,Letter Writing,Muhavare,2,03221793305,parent.shoaib74@gmail.com,18.48,Low Risk
STU1049,Nasreen Syed,Grade 8,C,Mathematics,Spring 2025,82.4,Medium,4,1,8,63,73,53,60,63,62.4,71.0,58.0,61.0,54.0,71.0,,65.0,52.0,61.71,52,75,64.07,Algebra,Geometry,2,03299874078,parent.nasreen57@gmail.com,32.93,Medium Risk
STU1050,Saad Memon,Grade 12,C,Mathematics,Fall 2025,91.2,High,1,0,8,98,76,84,94,84,87.2,89.0,81.0,96.0,94.0,84.0,82.0,99.0,93.0,89.75,89,97,91.59,Statistics,Algebra,2,03130839291,parent.saad45@gmail.com,8.34,Low Risk
STU1051,Yasmeen Butt,Grade 11,C,Islamiyat,Spring 2025,94.9,High,0,0,8,80,83,97,99,84,88.6,88.0,89.0,78.0,83.0,82.0,96.0,99.0,90.0,88.12,98,80,87.84,Hadith,Seerat-un-Nabi,0,03300282851,parent.yasmeen77@gmail.com,4.38,Low Risk
STU1052,Mehwish Gill,Grade 11,B,Urdu,Spring 2025,80.1,High,1,0,8,54,55,74,69,51,60.6,71.0,52.0,58.0,64.0,71.0,63.0,65.0,69.0,64.12,58,61,60.79,Muhavare,Story Writing,6,03130552654,parent.mehwish54@gmail.com,18.32,Low Risk
STU1053,Huma Malik,Grade 12,B,English,Fall 2025,51.5,Low,4,3,8,29,50,26,44,24,34.6,23.0,20.0,,35.0,,43.0,,33.0,30.8,37,37,35.28,Comprehension,Vocabulary,29,03161769874,parent.huma74@gmail.com,59.65,High Risk
STU1054,Gulnaz Bhatti,Grade 11,C,Mathematics,Spring 2025,76.4,Low,3,2,8,63,68,62,72,70,67.0,53.0,62.0,,50.0,60.0,55.0,,75.0,59.17,76,71,69.08,Sequences,Probability,2,03217228925,parent.gulnaz23@gmail.com,40.33,Medium Risk
STU1055,Iqra Syed,Grade 11,C,Computer Science,Spring 2025,74.3,Medium,3,0,8,52,66,70,53,66,61.4,66.0,56.0,78.0,74.0,61.0,61.0,73.0,76.0,68.12,53,57,59.1,Databases,Algorithms,4,03152954746,parent.iqra32@gmail.com,31.86,Medium Risk
STU1056,Nasreen Baig,Grade 8,A,Islamiyat,Fall 2025,77.9,Medium,3,2,8,60,54,64,52,65,59.0,59.0,75.0,58.0,68.0,51.0,,61.0,,62.0,59,77,65.9,Zakat,Hadith,5,03110095119,parent.nasreen17@gmail.com,33.88,Medium Risk
STU1057,Nida Mehmood,Grade 8,C,Mathematics,Fall 2025,77.8,High,1,1,8,75,68,70,56,60,65.8,66.0,54.0,51.0,64.0,53.0,75.0,78.0,,63.0,66,59,62.91,Calculus,Algebra,2,03166503199,parent.nida66@gmail.com,18.96,Low Risk
STU1058,Amir Khawaja,Grade 12,A,Computer Science,Fall 2025,74.0,Medium,3,2,8,69,51,75,70,70,67.0,,60.0,53.0,67.0,71.0,,62.0,59.0,62.0,60,53,59.35,Algorithms,Databases,6,03278137018,parent.amir28@gmail.com,33.05,Medium Risk
STU1059,Junaid Aslam,Grade 11,A,Pakistan Studies,Spring 2025,75.3,High,2,2,8,72,73,71,66,52,66.8,61.0,50.0,61.0,59.0,,55.0,,56.0,57.0,56,62,60.46,Foreign Policy,Historical Events,3,03141592779,parent.junaid19@gmail.com,23.21,Low Risk
STU1060,Uzma Sheikh,Grade 12,C,Computer Science,Spring 2025,98.1,High,2,0,8,87,79,80,80,97,84.6,97.0,83.0,92.0,79.0,91.0,89.0,99.0,85.0,89.38,92,87,88.25,HTML/CSS,Algorithms,1,03183072154,parent.uzma70@gmail.com,9.42,Low Risk
STU1061,Imran Cheema,Grade 12,B,Pakistan Studies,Fall 2025,96.7,High,1,0,8,80,81,100,94,79,86.8,86.0,79.0,98.0,93.0,89.0,95.0,81.0,100.0,90.12,87,82,85.83,Historical Events,Geography,1,03173226856,parent.imran67@gmail.com,6.79,Low Risk
STU1062,Naila Baig,Grade 11,A,Islamiyat,Spring 2025,98.3,High,1,0,8,76,87,91,86,82,84.4,90.0,80.0,89.0,85.0,78.0,88.0,81.0,100.0,86.38,82,81,83.01,Pillars of Islam,Fiqh,2,03226823654,parent.naila99@gmail.com,6.91,Low Risk
STU1063,Nimra Bokhari,Grade 12,A,Urdu,Spring 2025,46.3,Low,8,5,8,23,44,29,27,29,30.4,,,22.0,,,23.0,46.0,,30.33,25,40,32.4,Muhavare,Qawaid,23,03254363127,parent.nimra40@gmail.com,74.76,High Risk
STU1064,Asad Mehmood,Grade 8,C,Urdu,Fall 2025,52.1,Low,4,4,8,22,50,36,37,36,36.2,,40.0,32.0,,31.0,28.0,,,32.75,50,22,33.99,Vocabulary,Story Writing,18,03164726746,parent.asad94@gmail.com,60.32,High Risk
STU1065,Amna Siddique,Grade 10,A,Pakistan Studies,Spring 2025,74.7,Medium,4,2,8,65,70,55,75,54,63.8,74.0,,64.0,51.0,59.0,,56.0,51.0,59.17,60,67,63.04,Economy,Independence Movement,6,03206897455,parent.amna79@gmail.com,36.14,Medium Risk
STU1066,Muneeb Rehman,Grade 9,B,Mathematics,Fall 2025,85.7,High,1,0,8,78,100,86,88,87,87.8,92.0,90.0,88.0,83.0,93.0,100.0,93.0,89.0,91.0,80,93,88.31,Number Theory,Trigonometry,0,03215590227,parent.muneeb87@gmail.com,9.84,Low Risk
STU1067,Rabia Lodhi,Grade 10,A,English,Spring 2025,74.1,Medium,4,0,8,72,64,61,64,51,62.4,73.0,77.0,61.0,69.0,63.0,58.0,70.0,75.0,68.25,71,73,69.43,Grammar,Comprehension,4,03237730479,parent.rabia96@gmail.com,34.17,Medium Risk
STU1068,Rahim Khan,Grade 12,C,Science,Fall 2025,41.9,Medium,6,4,8,32,50,38,21,39,36.0,31.0,34.0,,,44.0,,22.0,,32.75,41,31,34.85,Ecology,Periodic Table,19,03184392199,parent.rahim93@gmail.com,60.43,High Risk
STU1069,Shazia Javed,Grade 8,C,Mathematics,Spring 2025,75.4,Medium,3,1,8,72,64,56,69,59,64.0,56.0,53.0,54.0,77.0,52.0,64.0,55.0,,58.71,75,68,67.09,Probability,Algebra,7,03193261266,parent.shazia18@gmail.com,32.13,Medium Risk
STU1070,Zeeshan Lodhi,Grade 10,A,English,Spring 2025,92.6,Medium,0,0,8,100,79,82,100,90,90.2,78.0,89.0,95.0,96.0,89.0,92.0,95.0,82.0,89.5,80,89,87.09,Prepositions,Essay Writing,3,03292450397,parent.zeeshan71@gmail.com,11.67,Low Risk
STU1071,Riffat Niazi,Grade 11,C,Islamiyat,Spring 2025,49.2,Low,7,4,8,24,48,46,44,37,39.8,36.0,,,,49.0,47.0,,21.0,38.25,29,29,33.01,Hadith,Ramadan,12,03143477675,parent.riffat51@gmail.com,67.79,High Risk
STU1072,Kamran Bhatti,Grade 10,A,Computer Science,Fall 2025,67.7,Low,6,2,8,36,40,25,38,50,37.8,41.0,,,39.0,43.0,48.0,39.0,30.0,40.0,25,22,29.51,Recursion,Loops,8,03272188924,parent.kamran83@gmail.com,57.74,High Risk
STU1073,Bushra Chaudhry,Grade 12,B,Islamiyat,Spring 2025,78.8,Medium,3,1,8,57,75,75,71,62,68.0,64.0,52.0,72.0,51.0,,55.0,64.0,63.0,60.14,56,69,63.78,Prayer,Zakat,6,03138565770,parent.bushra50@gmail.com,30.11,Medium Risk
STU1074,Rizwan Bhatti,Grade 9,B,Urdu,Spring 2025,76.5,Medium,2,0,8,53,51,59,62,69,58.8,63.0,57.0,77.0,78.0,55.0,76.0,60.0,68.0,66.75,74,58,63.91,Letter Writing,Prose,5,03238170396,parent.rizwan69@gmail.com,29.35,Low Risk
STU1075,Saba Aslam,Grade 8,A,Urdu,Fall 2025,83.5,Medium,3,0,8,51,59,65,69,70,62.8,71.0,65.0,59.0,67.0,50.0,77.0,53.0,63.0,63.12,73,71,68.28,Poetry,Letter Writing,5,03198230560,parent.saba15@gmail.com,28.75,Low Risk
STU1076,Sobia Noor,Grade 12,A,Computer Science,Fall 2025,86.1,High,2,0,8,83,94,96,94,78,89.0,82.0,81.0,90.0,89.0,88.0,95.0,89.0,82.0,87.0,90,96,91.3,OOP,Recursion,0,03112161027,parent.sobia14@gmail.com,11.92,Low Risk
STU1077,Nimra Rajput,Grade 11,C,Islamiyat,Fall 2025,65.9,Low,8,4,8,25,32,39,43,46,37.0,46.0,36.0,,37.0,,35.0,,,38.5,40,46,41.2,Ramadan,Islamic History,7,03198880296,parent.nimra52@gmail.com,65.98,High Risk
STU1078,Faisal Niazi,Grade 10,C,Computer Science,Spring 2025,89.0,High,2,0,8,93,82,98,76,93,88.4,93.0,83.0,94.0,98.0,97.0,90.0,82.0,99.0,92.0,96,83,89.13,OOP,Loops,1,03105083461,parent.faisal66@gmail.com,11.2,Low Risk
STU1079,Rizwan Niazi,Grade 11,C,Science,Spring 2025,80.8,High,1,2,8,54,66,56,67,60,60.6,62.0,60.0,55.0,64.0,,67.0,60.0,,61.33,71,64,64.54,Genetics,Electricity,6,03229971107,parent.rizwan34@gmail.com,20.61,Low Risk
STU1080,Iqra Zahid,Grade 10,A,Computer Science,Fall 2025,95.6,High,1,0,8,85,90,86,92,100,90.6,86.0,87.0,81.0,96.0,99.0,95.0,90.0,90.0,90.5,87,81,86.32,Data Structures,Databases,2,03291700843,parent.iqra20@gmail.com,6.17,Low Risk
STU1081,Junaid Abbasi,Grade 10,C,Pakistan Studies,Fall 2025,64.0,Low,8,4,8,24,23,39,43,38,33.4,,,27.0,,,40.0,27.0,21.0,28.75,35,42,35.88,Geography,Major Cities,22,03126989817,parent.junaid97@gmail.com,67.45,High Risk
STU1082,Nimra Ali,Grade 9,B,Computer Science,Fall 2025,72.8,High,3,1,8,70,51,74,52,70,63.4,67.0,73.0,73.0,,77.0,51.0,55.0,63.0,65.57,76,73,70.34,Databases,Loops,5,03150012646,parent.nimra47@gmail.com,26.06,Low Risk
STU1083,Usman Ali,Grade 12,C,English,Spring 2025,90.0,High,2,0,8,92,91,90,79,91,88.6,92.0,86.0,84.0,81.0,88.0,83.0,92.0,98.0,88.0,78,90,86.32,Literature,Comprehension,2,03252412611,parent.usman96@gmail.com,10.85,Low Risk
STU1084,Imran Qureshi,Grade 11,B,Computer Science,Fall 2025,59.4,Low,5,5,8,30,49,27,20,28,30.8,29.0,,,,,38.0,,43.0,36.67,33,40,35.74,Recursion,Loops,18,03285963652,parent.imran40@gmail.com,63.23,High Risk
STU1085,Zainab Malik,Grade 10,A,Urdu,Fall 2025,98.8,High,1,0,8,97,78,95,84,86,88.0,97.0,85.0,85.0,82.0,93.0,82.0,92.0,97.0,89.12,100,97,94.37,Letter Writing,Muhavare,3,03303299732,parent.zainab78@gmail.com,5.86,Low Risk
STU1086,Mehwish Javed,Grade 12,A,Pakistan Studies,Fall 2025,75.1,High,1,0,8,67,66,56,68,67,64.8,54.0,55.0,60.0,77.0,66.0,64.0,53.0,71.0,62.5,52,80,66.46,Economy,Historical Events,5,03317081628,parent.mehwish17@gmail.com,18.77,Low Risk
STU1087,Jawad Farooq,Grade 11,B,Computer Science,Spring 2025,95.1,Medium,0,0,8,87,83,75,98,81,84.8,96.0,80.0,79.0,91.0,89.0,100.0,80.0,95.0,88.75,93,81,86.31,Loops,Databases,2,03209754382,parent.jawad33@gmail.com,12.27,Low Risk
STU1088,Nimra Niazi,Grade 11,B,English,Fall 2025,79.6,Medium,2,2,8,61,53,55,67,62,59.6,57.0,76.0,,50.0,74.0,,50.0,59.0,61.0,63,72,65.07,Synonyms,Prepositions,3,03166441007,parent.nimra68@gmail.com,30.72,Medium Risk
STU1089,Junaid Baig,Grade 9,C,English,Spring 2025,59.1,Low,4,3,8,26,22,23,39,21,26.2,42.0,47.0,21.0,27.0,,,43.0,,36.0,39,27,31.64,Grammar,Synonyms,24,03158322758,parent.junaid17@gmail.com,59.47,High Risk
STU1090,Nimra Hashmi,Grade 9,C,English,Fall 2025,96.6,High,0,0,8,84,79,96,91,82,86.4,91.0,87.0,86.0,79.0,95.0,96.0,83.0,98.0,89.38,93,81,86.76,Tenses,Prepositions,2,03272688840,parent.nimra95@gmail.com,4.42,Low Risk
STU1091,Salman Khawaja,Grade 11,B,English,Spring 2025,72.6,Medium,2,0,8,59,72,54,75,64,64.8,51.0,67.0,63.0,63.0,67.0,66.0,54.0,62.0,61.62,56,69,63.43,Vocabulary,Punctuation,7,03121225307,parent.salman67@gmail.com,29.02,Low Risk
STU1092,Nida Siddiqui,Grade 9,A,Computer Science,Fall 2025,78.5,Low,1,0,8,75,74,68,73,71,72.2,67.0,56.0,65.0,56.0,77.0,60.0,59.0,50.0,61.25,73,55,64.19,OOP,Algorithms,7,03302489116,parent.nida71@gmail.com,30.9,Medium Risk
STU1093,Iqra Usmani,Grade 9,B,Pakistan Studies,Spring 2025,96.6,High,2,0,8,95,86,84,83,86,86.8,94.0,93.0,92.0,81.0,93.0,88.0,84.0,89.0,89.25,79,98,89.26,Foreign Policy,Major Cities,1,03298978420,parent.iqra28@gmail.com,9.32,Low Risk
STU1094,Bilal Rehman,Grade 12,C,Computer Science,Fall 2025,72.7,Medium,2,1,8,67,70,71,60,58,65.2,73.0,70.0,73.0,65.0,64.0,55.0,73.0,,67.57,54,79,67.7,Data Structures,Databases,3,03245528752,parent.bilal92@gmail.com,30.14,Medium Risk
STU1095,Zainab Khawaja,Grade 8,C,Mathematics,Spring 2025,91.2,High,0,0,8,77,97,79,75,81,81.8,94.0,92.0,89.0,79.0,97.0,98.0,99.0,97.0,93.12,78,80,82.48,Probability,Number Theory,3,03103181221,parent.zainab12@gmail.com,7.19,Low Risk
STU1096,Riffat Zahid,Grade 10,A,Computer Science,Fall 2025,98.6,Medium,0,0,8,91,79,82,81,94,85.4,94.0,86.0,89.0,86.0,90.0,80.0,89.0,90.0,88.0,100,87,90.13,HTML/CSS,OOP,2,03283621025,parent.riffat20@gmail.com,11.07,Low Risk
STU1097,Usman Siddiqui,Grade 11,B,Urdu,Fall 2025,40.3,Low,7,5,8,40,45,30,38,47,40.0,,,48.0,47.0,,42.0,,,45.67,33,21,32.73,Qawaid,Muhavare,9,03283724940,parent.usman45@gmail.com,71.66,High Risk
STU1098,Parveen Pasha,Grade 8,A,Pakistan Studies,Fall 2025,46.0,Low,7,2,8,29,25,38,27,38,31.4,48.0,37.0,30.0,32.0,44.0,,,43.0,39.0,41,43,39.38,Constitution,Geography,18,03114414026,parent.parveen22@gmail.com,68.35,High Risk
STU1099,Huma Butt,Grade 8,B,Islamiyat,Fall 2025,89.9,High,1,0,8,90,82,86,92,87,87.4,91.0,83.0,99.0,96.0,99.0,90.0,80.0,97.0,91.88,100,82,89.56,Islamic History,Seerat-un-Nabi,0,03171933194,parent.huma29@gmail.com,8.68,Low Risk
STU1100,Salman Baig,Grade 11,B,Pakistan Studies,Fall 2025,40.2,Low,6,4,8,23,24,22,25,33,25.4,33.0,23.0,20.0,22.0,,,,,24.5,27,39,30.38,Foreign Policy,Government,26,03310571166,parent.salman51@gmail.com,71.59,High Risk
STU1101,Fiza Ali,Grade 11,B,English,Spring 2025,93.4,High,0,0,8,93,91,80,96,87,89.4,83.0,82.0,86.0,87.0,86.0,93.0,82.0,80.0,84.88,86,93,88.91,Comprehension,Synonyms,2,03229984853,parent.fiza19@gmail.com,4.63,Low Risk
STU1102,Babar Rehman,Grade 11,C,Science,Spring 2025,71.9,Low,4,1,8,69,62,75,60,64,66.0,63.0,76.0,76.0,77.0,70.0,,69.0,54.0,69.29,69,60,65.31,Chemical Reactions,Magnetism,5,03184337932,parent.babar32@gmail.com,43.18,Medium Risk
STU1103,Danish Hussain,Grade 11,C,English,Spring 2025,73.9,High,3,0,8,68,56,68,67,55,62.8,71.0,74.0,67.0,50.0,73.0,64.0,72.0,56.0,65.88,76,52,62.94,Synonyms,Literature,5,03280651062,parent.danish73@gmail.com,24.63,Low Risk
STU1104,Nimra Aslam,Grade 10,C,Science,Spring 2025,96.8,Medium,2,0,8,90,93,87,92,91,90.6,100.0,91.0,95.0,79.0,89.0,100.0,95.0,97.0,93.25,85,91,89.87,Newton's Laws,Periodic Table,1,03273677698,parent.nimra88@gmail.com,15.31,Low Risk
STU1105,Ayesha Pasha,Grade 11,B,Pakistan Studies,Fall 2025,42.9,Low,8,3,8,34,31,32,34,44,35.0,,35.0,,23.0,29.0,33.0,49.0,,33.8,48,24,34.16,Geography,Constitution,18,03183722427,parent.ayesha53@gmail.com,72.13,High Risk
STU1106,Jawad Chaudhry,Grade 11,B,Computer Science,Fall 2025,60.9,Low,4,4,8,21,45,42,23,20,30.2,,,49.0,43.0,27.0,,36.0,,38.75,30,30,31.79,Databases,Recursion,24,03214452659,parent.jawad69@gmail.com,59.18,High Risk
STU1107,Farah Awan,Grade 9,A,Pakistan Studies,Fall 2025,80.3,High,4,2,8,63,62,50,72,56,60.6,74.0,72.0,,,75.0,75.0,52.0,68.0,69.33,55,71,64.59,Geography,Government,4,03152901723,parent.farah68@gmail.com,28.26,Low Risk
STU1108,Faisal Rehman,Grade 11,C,Pakistan Studies,Fall 2025,94.2,High,1,0,8,86,89,94,80,96,89.0,100.0,87.0,97.0,96.0,80.0,99.0,82.0,88.0,91.12,87,83,86.82,Geography,Culture,1,03200208584,parent.faisal98@gmail.com,6.99,Low Risk
STU1109,Asad Hashmi,Grade 11,C,Urdu,Spring 2025,91.3,High,2,0,8,97,95,80,92,80,88.8,93.0,87.0,82.0,83.0,88.0,92.0,97.0,79.0,87.62,93,84,87.93,Letter Writing,Vocabulary,1,03318832862,parent.asad59@gmail.com,10.41,Low Risk
STU1110,Gulnaz Hashmi,Grade 11,B,Pakistan Studies,Fall 2025,81.8,Medium,1,2,8,50,75,74,57,59,63.0,,57.0,,67.0,59.0,55.0,74.0,64.0,62.67,67,80,69.88,Government,Major Cities,2,03253736759,parent.gulnaz24@gmail.com,26.71,Low Risk
STU1111,Naveed Lodhi,Grade 10,C,Islamiyat,Spring 2025,91.6,Medium,1,0,8,78,98,95,99,82,90.4,87.0,79.0,92.0,86.0,89.0,80.0,92.0,81.0,85.75,96,91,91.08,Seerat-un-Nabi,Islamic History,3,03144555351,parent.naveed88@gmail.com,14.42,Low Risk
STU1112,Nimra Chaudhry,Grade 9,A,Islamiyat,Fall 2025,78.4,Low,3,1,8,68,58,66,71,53,63.2,74.0,75.0,,63.0,51.0,58.0,77.0,70.0,66.86,57,57,60.21,Fiqh,Seerat-un-Nabi,7,03186462177,parent.nimra41@gmail.com,39.43,Medium Risk
STU1113,Danish Durrani,Grade 12,C,Science,Fall 2025,90.6,Medium,0,0,8,87,91,98,83,97,91.2,89.0,92.0,93.0,88.0,96.0,78.0,80.0,92.0,88.5,95,92,91.89,Electricity,Newton's Laws,1,03215331441,parent.danish37@gmail.com,12.02,Low Risk
STU1114,Saba Zahid,Grade 10,B,English,Spring 2025,92.3,Medium,2,0,8,99,76,76,78,95,84.8,92.0,78.0,81.0,83.0,92.0,92.0,78.0,91.0,85.88,98,89,89.79,Vocabulary,Comprehension,1,03173556539,parent.saba21@gmail.com,18.11,Low Risk
STU1115,Talha Cheema,Grade 9,A,Pakistan Studies,Fall 2025,95.9,High,1,0,8,95,77,97,78,75,84.4,84.0,93.0,80.0,82.0,96.0,85.0,94.0,99.0,89.12,78,90,85.7,Major Cities,Independence Movement,0,03213364032,parent.talha98@gmail.com,7.63,Low Risk
STU1116,Saad Bokhari,Grade 9,B,Mathematics,Spring 2025,86.5,Medium,1,0,8,79,87,99,99,79,88.6,98.0,99.0,82.0,80.0,94.0,96.0,78.0,97.0,90.5,89,86,88.17,Geometry,Number Theory,1,03210517533,parent.saad88@gmail.com,16.4,Low Risk
STU1117,Amir Chaudhry,Grade 8,A,Mathematics,Spring 2025,90.8,High,1,0,8,100,79,82,83,95,87.8,80.0,85.0,95.0,97.0,97.0,97.0,87.0,100.0,92.25,84,96,90.61,Fractions,Calculus,1,03300747749,parent.amir60@gmail.com,8.31,Low Risk
STU1118,Uzma Noor,Grade 9,B,Islamiyat,Fall 2025,54.5,Low,8,2,8,31,49,30,24,32,33.2,37.0,41.0,,25.0,44.0,35.0,,50.0,38.67,43,22,32.82,Hadith,Quran Tafseer,7,03170379824,parent.uzma37@gmail.com,67.85,High Risk
STU1119,Ayesha Noor,Grade 11,C,Islamiyat,Fall 2025,92.5,High,2,0,8,87,77,95,92,92,88.6,97.0,82.0,86.0,80.0,87.0,80.0,94.0,84.0,86.25,88,92,89.17,Fiqh,Ramadan,0,03183260488,parent.ayesha99@gmail.com,10.1,Low Risk
STU1120,Huma Javed,Grade 9,A,Mathematics,Fall 2025,57.8,Low,5,2,8,20,42,24,42,20,29.6,50.0,31.0,,,36.0,36.0,45.0,46.0,40.67,36,24,31.45,Trigonometry,Geometry,30,03309681370,parent.huma44@gmail.com,60.26,High Risk
STU1121,Maham Khan,Grade 11,B,English,Spring 2025,83.7,Medium,4,1,8,66,61,51,65,68,62.2,61.0,55.0,,58.0,74.0,53.0,78.0,68.0,63.86,73,80,71.46,Essay Writing,Literature,2,03111821335,parent.maham11@gmail.com,32.59,Medium Risk
STU1122,Iqra Raza,Grade 10,B,Urdu,Spring 2025,67.8,Low,7,3,8,30,27,33,49,43,36.4,,38.0,,31.0,23.0,,36.0,41.0,33.8,32,45,37.79,Vocabulary,Prose,23,03112328862,parent.iqra61@gmail.com,61.81,High Risk
STU1123,Omar Ansari,Grade 10,B,Islamiyat,Fall 2025,53.2,Low,6,4,8,43,39,27,34,31,34.8,44.0,,45.0,27.0,,24.0,,,35.0,25,27,29.66,Quran Tafseer,Prayer,24,03192992403,parent.omar91@gmail.com,65.34,High Risk
STU1124,Sara Rajput,Grade 11,C,Mathematics,Fall 2025,55.4,Low,7,2,8,24,42,28,22,21,27.4,36.0,33.0,42.0,,48.0,31.0,,34.0,37.33,41,24,31.6,Algebra,Geometry,27,03205857869,parent.sara19@gmail.com,66.53,High Risk
STU1125,Shabana Pasha,Grade 11,C,Mathematics,Spring 2025,47.6,Low,7,4,8,30,34,28,27,22,28.2,,,24.0,,,23.0,25.0,34.0,26.5,38,23,28.49,Probability,Calculus,24,03196177052,parent.shabana36@gmail.com,71.17,High Risk
STU1126,Sidra Aslam,Grade 10,A,Urdu,Spring 2025,59.9,Medium,8,2,8,26,46,47,30,24,34.6,27.0,,50.0,31.0,32.0,,36.0,21.0,32.83,30,20,27.99,Idioms,Letter Writing,19,03221386826,parent.sidra81@gmail.com,57.88,High Risk
STU1127,Zeeshan Javed,Grade 11,A,Mathematics,Spring 2025,41.8,Medium,5,3,8,26,46,32,31,41,35.2,28.0,,49.0,46.0,,22.0,,20.0,33.0,45,34,36.79,Algebra,Trigonometry,11,03124690326,parent.zeeshan52@gmail.com,56.91,High Risk
STU1128,Maham Raza,Grade 8,A,Urdu,Fall 2025,90.9,Low,2,0,8,88,80,86,81,80,83.0,86.0,86.0,92.0,82.0,79.0,97.0,97.0,97.0,89.5,93,93,90.3,Prose,Letter Writing,3,03116368944,parent.maham21@gmail.com,26.98,Low Risk
STU1129,Shazia Gill,Grade 11,A,Science,Spring 2025,97.0,High,1,0,8,100,97,86,90,92,93.0,93.0,89.0,96.0,94.0,88.0,90.0,86.0,83.0,89.88,97,87,91.28,Photosynthesis,Magnetism,0,03317617769,parent.shazia45@gmail.com,5.15,Low Risk
STU1130,Zainab Bokhari,Grade 10,C,Computer Science,Spring 2025,86.5,High,1,0,8,92,100,98,76,99,93.0,85.0,96.0,90.0,89.0,83.0,83.0,85.0,96.0,88.38,96,80,88.28,Data Structures,Networking,2,03252377753,parent.zainab82@gmail.com,8.3,Low Risk
STU1131,Asad Pasha,Grade 11,C,Science,Fall 2025,41.1,Low,8,3,8,20,36,35,20,30,28.2,30.0,,42.0,,25.0,49.0,,45.0,38.2,25,24,27.93,Electricity,Photosynthesis,25,03289165483,parent.asad28@gmail.com,74.37,High Risk
STU1132,Faisal Khawaja,Grade 10,A,Islamiyat,Fall 2025,94.9,High,1,0,8,84,85,79,80,98,85.2,91.0,98.0,93.0,98.0,88.0,83.0,100.0,95.0,93.25,85,98,91.24,Ramadan,Pillars of Islam,1,03201571711,parent.faisal49@gmail.com,7.73,Low Risk
STU1133,Uzma Farooq,Grade 8,C,Science,Fall 2025,96.6,High,0,0,8,94,85,100,94,82,91.0,98.0,96.0,81.0,93.0,82.0,88.0,80.0,85.0,87.88,83,100,91.53,Electricity,Magnetism,0,03290311560,parent.uzma95@gmail.com,3.27,Low Risk
STU1134,Waqas Abbasi,Grade 10,A,Mathematics,Spring 2025,90.3,High,2,0,8,75,76,87,89,98,85.0,91.0,83.0,91.0,93.0,90.0,89.0,95.0,90.0,90.25,96,100,94.05,Algebra,Number Theory,1,03143662774,parent.waqas67@gmail.com,11.66,Low Risk
STU1135,Hira Raza,Grade 8,B,English,Fall 2025,86.1,Medium,1,0,8,80,98,77,92,77,84.8,88.0,97.0,97.0,93.0,100.0,78.0,91.0,98.0,92.75,83,81,84.61,Comprehension,Synonyms,0,03188877525,parent.hira36@gmail.com,17.47,Low Risk
STU1136,Imran Niazi,Grade 12,C,Pakistan Studies,Fall 2025,89.5,Medium,1,0,8,93,92,90,79,76,86.0,89.0,78.0,91.0,80.0,87.0,99.0,98.0,97.0,89.88,81,80,83.43,Major Cities,Economy,1,03145857417,parent.imran91@gmail.com,16.15,Low Risk
STU1137,Uzma Siddiqui,Grade 8,B,Urdu,Fall 2025,82.5,Medium,4,0,8,61,62,61,55,64,60.6,51.0,58.0,64.0,64.0,58.0,57.0,76.0,58.0,60.75,54,54,56.67,Qawaid,Vocabulary,2,03279352780,parent.uzma54@gmail.com,32.1,Medium Risk
STU1138,Parveen Niazi,Grade 12,A,Islamiyat,Spring 2025,97.3,High,2,0,8,96,90,93,82,90,90.2,87.0,80.0,90.0,100.0,79.0,94.0,96.0,94.0,90.0,81,94,89.19,Ramadan,Fiqh,1,03144872955,parent.parveen37@gmail.com,8.26,Low Risk
STU1139,Imran Farooq,Grade 11,A,Mathematics,Fall 2025,63.9,Low,8,4,8,30,49,43,49,45,43.2,,,32.0,,,37.0,30.0,47.0,36.5,39,47,42.14,Trigonometry,Sequences,7,03311138079,parent.imran99@gmail.com,65.03,High Risk
STU1140,Tehmina Siddique,Grade 11,A,Computer Science,Fall 2025,56.4,Low,4,2,8,38,44,23,45,29,35.8,28.0,32.0,40.0,,35.0,,38.0,39.0,35.33,30,28,31.53,HTML/CSS,Loops,19,03138615157,parent.tehmina89@gmail.com,56.63,High Risk
STU1141,Nasreen Awan,Grade 11,B,Mathematics,Spring 2025,53.8,Low,6,2,8,30,46,45,29,29,35.8,35.0,47.0,42.0,41.0,,23.0,,47.0,39.17,34,43,38.54,Statistics,Geometry,21,03307777336,parent.nasreen51@gmail.com,62.41,High Risk
STU1142,Naveed Niazi,Grade 8,A,Computer Science,Fall 2025,63.9,Medium,8,4,8,46,21,36,45,25,34.6,32.0,,,24.0,,,44.0,47.0,36.75,30,26,30.87,Python Basics,Loops,13,03115469268,parent.naveed41@gmail.com,59.18,High Risk
STU1143,Usman Ansari,Grade 10,C,Mathematics,Spring 2025,81.5,Medium,1,2,8,50,57,61,65,69,60.4,77.0,,65.0,68.0,67.0,61.0,61.0,,66.5,73,53,62.18,Geometry,Calculus,4,03107368684,parent.usman59@gmail.com,27.45,Low Risk
STU1144,Hamza Mirza,Grade 12,A,Islamiyat,Spring 2025,95.2,Medium,1,0,8,91,75,99,99,96,92.0,78.0,93.0,82.0,98.0,83.0,97.0,78.0,85.0,86.75,100,100,95.75,Islamic History,Pillars of Islam,2,03213764770,parent.hamza58@gmail.com,12.94,Low Risk
STU1145,Junaid Ansari,Grade 9,B,English,Fall 2025,97.4,High,0,0,8,75,91,96,86,92,88.0,98.0,97.0,97.0,87.0,87.0,99.0,81.0,93.0,92.38,86,100,92.58,Essay Writing,Tenses,2,03174325732,parent.junaid43@gmail.com,3.78,Low Risk
STU1146,Shahid Iqbal,Grade 12,A,Science,Spring 2025,97.0,High,2,0,8,85,96,79,98,75,86.6,98.0,93.0,87.0,86.0,91.0,90.0,90.0,79.0,89.25,88,87,87.62,Ecology,Cell Biology,3,03280353320,parent.shahid55@gmail.com,9.25,Low Risk
STU1147,Kashif Aslam,Grade 9,C,Islamiyat,Spring 2025,76.6,Medium,2,2,8,60,70,52,57,61,60.0,77.0,59.0,63.0,,75.0,,78.0,60.0,68.67,68,66,65.83,Pillars of Islam,Islamic History,5,03131616723,parent.kashif70@gmail.com,31.52,Medium Risk
STU1148,Hamza Siddique,Grade 12,A,Computer Science,Fall 2025,92.5,High,1,0,8,91,84,88,76,79,83.6,82.0,84.0,88.0,91.0,96.0,92.0,82.0,88.0,87.88,93,90,89.05,Databases,Functions,1,03184131448,parent.hamza91@gmail.com,8.85,Low Risk
STU1149,Zainab Ali,Grade 10,A,Urdu,Spring 2025,87.4,High,0,0,8,79,94,88,95,88,88.8,90.0,91.0,93.0,90.0,78.0,79.0,95.0,84.0,87.5,88,96,90.86,Letter Writing,Vocabulary,1,03104809323,parent.zainab96@gmail.com,6.58,Low Risk
STU1150,Ahmed Javed,Grade 10,B,Science,Spring 2025,54.6,Low,4,2,8,29,50,29,34,43,37.0,48.0,41.0,24.0,,30.0,,48.0,35.0,37.67,30,45,38.18,Electricity,Cell Biology,19,03105133757,parent.ahmed39@gmail.com,56.87,High Risk
STU1151,Kamran Farooq,Grade 8,C,Science,Spring 2025,60.6,Medium,7,4,8,44,37,39,21,39,36.0,,21.0,42.0,23.0,33.0,,,,29.75,28,37,33.1,Optics,Magnetism,15,03227344796,parent.kamran99@gmail.com,57.32,High Risk
STU1152,Sara Aslam,Grade 8,C,Urdu,Fall 2025,95.5,High,0,0,8,91,98,94,78,84,89.0,81.0,81.0,93.0,84.0,97.0,84.0,86.0,94.0,87.5,100,93,92.85,Prose,Story Writing,2,03143049960,parent.sara15@gmail.com,4.1,Low Risk
STU1153,Zeeshan Durrani,Grade 11,B,Science,Spring 2025,59.5,Medium,8,5,8,24,50,22,44,36,35.2,,,,40.0,27.0,,,34.0,33.67,39,21,30.87,Chemical Reactions,Electricity,10,03318285919,parent.zeeshan32@gmail.com,61.6,High Risk
STU1154,Ayesha Mehmood,Grade 10,B,English,Spring 2025,62.0,Low,5,3,8,30,31,48,34,50,38.6,,31.0,46.0,30.0,,,25.0,23.0,31.0,39,28,33.47,Tenses,Synonyms,19,03285194273,parent.ayesha71@gmail.com,58.0,High Risk
STU1155,Maria Mirza,Grade 9,C,Mathematics,Spring 2025,97.7,Medium,2,0,8,90,100,93,96,89,93.6,83.0,97.0,90.0,89.0,97.0,78.0,99.0,82.0,89.38,81,93,89.4,Probability,Number Theory,3,03112340603,parent.maria18@gmail.com,14.29,Low Risk
STU1156,Bushra Hussain,Grade 12,C,Mathematics,Spring 2025,95.0,Medium,2,0,8,97,97,94,78,88,90.8,99.0,85.0,93.0,89.0,99.0,99.0,98.0,90.0,94.0,97,81,89.56,Geometry,Sequences,0,03272711026,parent.bushra30@gmail.com,15.8,Low Risk
STU1157,Kashif Bokhari,Grade 11,A,Islamiyat,Spring 2025,89.8,Medium,1,0,8,76,91,82,92,95,87.2,90.0,90.0,85.0,80.0,92.0,92.0,96.0,92.0,89.62,92,90,89.86,Hadith,Zakat,0,03233512640,parent.kashif93@gmail.com,15.76,Low Risk
STU1158,Bilal Sheikh,Grade 11,A,Urdu,Spring 2025,96.9,High,2,0,8,84,91,92,81,95,88.6,99.0,92.0,88.0,89.0,79.0,85.0,92.0,88.0,89.0,100,91,92.37,Insha,Muhavare,3,03130607913,parent.bilal22@gmail.com,8.78,Low Risk
STU1159,Kamran Ali,Grade 10,C,English,Fall 2025,75.2,Low,2,1,8,54,72,73,73,63,67.0,58.0,,69.0,56.0,56.0,53.0,77.0,62.0,61.57,76,60,65.71,Vocabulary,Antonyms,7,03190713347,parent.kamran23@gmail.com,36.94,Medium Risk
STU1160,Maria Raza,Grade 12,A,Pakistan Studies,Fall 2025,78.3,Medium,4,0,8,66,73,51,67,63,64.0,76.0,68.0,65.0,66.0,74.0,55.0,72.0,68.0,68.0,53,72,64.85,Constitution,Economy,7,03261207844,parent.maria87@gmail.com,32.51,Medium Risk
STU1161,Sumera Hashmi,Grade 11,C,Urdu,Spring 2025,83.5,High,4,0,8,54,63,69,72,73,66.2,66.0,59.0,76.0,72.0,67.0,77.0,60.0,72.0,68.62,56,61,62.31,Insha,Prose,6,03291766138,parent.sumera47@gmail.com,23.4,Low Risk
STU1162,Junaid Farooq,Grade 9,C,Pakistan Studies,Fall 2025,96.4,High,2,0,8,93,96,97,88,96,94.0,95.0,87.0,91.0,78.0,94.0,81.0,78.0,90.0,86.75,99,81,89.25,Constitution,Independence Movement,1,03171666432,parent.junaid30@gmail.com,7.58,Low Risk
STU1163,Irfan Rehman,Grade 8,C,Science,Fall 2025,55.7,Low,7,2,8,39,47,41,43,37,41.4,40.0,37.0,32.0,,27.0,,36.0,45.0,36.17,37,32,35.96,Chemical Reactions,Photosynthesis,20,03311557076,parent.irfan97@gmail.com,62.94,High Risk
STU1164,Rizwan Memon,Grade 8,C,Mathematics,Fall 2025,65.2,Medium,7,3,8,49,40,42,42,40,42.6,37.0,43.0,39.0,26.0,,,,44.0,37.8,39,25,34.58,Statistics,Calculus,28,03119990118,parent.rizwan33@gmail.com,53.04,Medium Risk
STU1165,Tariq Hashmi,Grade 11,A,Mathematics,Fall 2025,73.7,Low,3,0,8,60,64,72,54,51,60.2,54.0,60.0,69.0,51.0,74.0,70.0,69.0,76.0,65.38,75,70,68.37,Trigonometry,Number Theory,2,03310461838,parent.tariq50@gmail.com,40.34,Medium Risk
STU1166,Riffat Butt,Grade 12,A,Science,Spring 2025,77.5,Low,2,0,8,71,60,60,61,59,62.2,56.0,74.0,69.0,66.0,65.0,67.0,76.0,74.0,68.38,71,70,68.37,Photosynthesis,Periodic Table,5,03164517891,parent.riffat92@gmail.com,36.2,Medium Risk
STU1167,Ahsan Warraich,Grade 8,C,Science,Fall 2025,81.1,Low,3,2,8,73,59,50,66,74,64.4,75.0,66.0,64.0,65.0,,,51.0,59.0,63.33,66,53,60.6,Cell Biology,Magnetism,2,03144934700,parent.ahsan78@gmail.com,39.57,Medium Risk
STU1168,Aamir Ali,Grade 8,A,Pakistan Studies,Spring 2025,91.4,Medium,2,0,8,97,98,99,88,95,95.4,80.0,99.0,82.0,78.0,92.0,100.0,88.0,79.0,87.25,79,85,86.03,Geography,Constitution,2,03249809588,parent.aamir19@gmail.com,15.73,Low Risk
STU1169,Bushra Niazi,Grade 11,C,Urdu,Fall 2025,70.2,Medium,1,2,8,73,69,52,74,73,68.2,,77.0,52.0,61.0,66.0,,53.0,59.0,61.33,59,76,67.26,Idioms,Grammar,5,03206062407,parent.bushra94@gmail.com,28.89,Low Risk
STU1170,Fatima Bokhari,Grade 12,A,Science,Spring 2025,97.0,High,1,0,8,95,79,84,96,100,90.8,98.0,89.0,78.0,95.0,95.0,82.0,81.0,79.0,87.12,95,97,93.28,Photosynthesis,Optics,0,03181789909,parent.fatima36@gmail.com,5.7,Low Risk
STU1171,Junaid Chaudhry,Grade 12,A,Urdu,Spring 2025,57.9,Low,4,3,8,41,45,38,47,21,38.4,22.0,29.0,41.0,22.0,,,28.0,,28.4,48,38,38.66,Grammar,Idioms,22,03188812120,parent.junaid55@gmail.com,56.78,High Risk
STU1172,Saad Javed,Grade 10,C,Mathematics,Spring 2025,89.8,High,2,0,8,96,84,97,93,79,89.8,96.0,96.0,89.0,88.0,91.0,83.0,78.0,88.0,88.62,100,100,95.68,Statistics,Trigonometry,3,03174270676,parent.saad56@gmail.com,10.61,Low Risk
STU1173,Nazish Ansari,Grade 10,B,Urdu,Fall 2025,87.6,High,1,0,8,79,92,81,83,98,86.6,98.0,80.0,80.0,78.0,94.0,98.0,78.0,96.0,87.75,96,86,88.97,Qawaid,Story Writing,0,03248067387,parent.nazish43@gmail.com,9.57,Low Risk
STU1174,Parveen Lodhi,Grade 9,B,Urdu,Fall 2025,62.4,Medium,6,3,8,34,36,36,22,32,32.0,,41.0,27.0,47.0,,,50.0,45.0,42.0,49,36,39.65,Qawaid,Poetry,11,03219781389,parent.parveen30@gmail.com,54.03,Medium Risk
STU1175,Tariq Pasha,Grade 9,C,Computer Science,Fall 2025,85.6,High,0,0,8,77,83,86,82,76,80.8,99.0,84.0,94.0,89.0,90.0,93.0,92.0,79.0,90.0,81,96,88.01,Loops,Networking,2,03299154871,parent.tariq43@gmail.com,9.12,Low Risk
STU1176,Hassan Qureshi,Grade 11,B,Urdu,Spring 2025,75.3,High,4,1,8,61,65,75,65,69,67.0,,66.0,78.0,54.0,64.0,55.0,57.0,52.0,60.86,56,57,59.52,Insha,Idioms,3,03142240292,parent.hassan56@gmail.com,26.91,Low Risk
STU1177,Nasreen Malik,Grade 9,B,Pakistan Studies,Fall 2025,92.2,High,0,0,8,93,80,95,88,75,86.2,85.0,79.0,82.0,96.0,96.0,83.0,82.0,98.0,87.62,96,84,88.16,Historical Events,Independence Movement,0,03144651920,parent.nasreen43@gmail.com,5.79,Low Risk
STU1178,Rabia Khawaja,Grade 12,C,Urdu,Spring 2025,95.9,High,0,0,8,81,89,94,90,90,88.8,83.0,85.0,91.0,97.0,82.0,96.0,83.0,97.0,89.25,83,90,87.86,Insha,Idioms,3,03260130705,parent.rabia85@gmail.com,4.03,Low Risk
STU1179,Omar Butt,Grade 11,A,Urdu,Spring 2025,55.2,Medium,7,3,8,39,23,25,35,48,34.0,,36.0,44.0,23.0,,22.0,,35.0,32.0,25,48,36.25,Poetry,Qawaid,28,03274276817,parent.omar65@gmail.com,58.19,High Risk
STU1180,Shoaib Niazi,Grade 8,C,English,Fall 2025,63.3,Medium,7,4,8,38,45,43,49,44,43.8,35.0,,,,44.0,27.0,49.0,,38.75,44,48,44.31,Essay Writing,Punctuation,24,03209695264,parent.shoaib42@gmail.com,54.56,Medium Risk
STU1181,Imran Ali,Grade 8,C,Pakistan Studies,Spring 2025,75.3,Medium,3,1,8,61,53,54,63,70,60.2,58.0,77.0,67.0,63.0,,68.0,61.0,69.0,66.14,74,61,65.12,Culture,Major Cities,5,03248204543,parent.imran81@gmail.com,33.11,Medium Risk
STU1182,Nazish Qureshi,Grade 12,C,English,Fall 2025,74.3,Medium,4,2,8,54,71,53,73,57,61.6,72.0,55.0,53.0,56.0,66.0,62.0,,,60.67,69,51,59.55,Punctuation,Prepositions,3,03204449222,parent.nazish91@gmail.com,36.81,Medium Risk
STU1183,Ahmed Siddiqui,Grade 9,B,Islamiyat,Fall 2025,47.6,Low,8,2,8,43,32,49,32,39,39.0,50.0,39.0,21.0,50.0,,,44.0,46.0,41.67,39,20,32.88,Fiqh,Zakat,13,03276331015,parent.ahmed76@gmail.com,68.47,High Risk
STU1184,Irfan Iqbal,Grade 12,C,Mathematics,Spring 2025,95.1,High,2,0,8,75,80,77,83,99,82.8,90.0,89.0,99.0,90.0,90.0,96.0,84.0,94.0,91.5,80,97,88.81,Fractions,Geometry,2,03294921374,parent.irfan81@gmail.com,10.77,Low Risk
STU1185,Mohsin Bhatti,Grade 10,A,English,Spring 2025,75.7,Low,2,1,8,66,53,67,52,66,60.8,60.0,53.0,75.0,66.0,,58.0,78.0,67.0,65.29,72,76,69.82,Prepositions,Literature,5,03251174421,parent.mohsin71@gmail.com,38.34,Medium Risk
STU1186,Iqra Rajput,Grade 11,C,Islamiyat,Fall 2025,97.9,High,1,0,8,77,87,95,100,82,88.2,99.0,100.0,85.0,88.0,91.0,89.0,94.0,95.0,92.62,85,89,88.56,Quran Tafseer,Pillars of Islam,0,03207087126,parent.iqra96@gmail.com,6.08,Low Risk
STU1187,Lubna Tariq,Grade 9,B,Computer Science,Fall 2025,82.5,Medium,2,1,8,73,56,57,73,57,63.2,56.0,57.0,56.0,76.0,,57.0,76.0,69.0,63.86,74,54,62.81,Data Structures,Databases,2,03121068847,parent.lubna96@gmail.com,27.7,Low Risk
STU1188,Saba Warraich,Grade 12,A,Mathematics,Fall 2025,74.4,High,3,1,8,55,74,66,58,62,63.0,74.0,68.0,54.0,,51.0,66.0,75.0,63.0,64.43,51,80,66.24,Probability,Sequences,4,03205687580,parent.saba97@gmail.com,25.68,Low Risk
STU1189,Tariq Ansari,Grade 12,B,Mathematics,Fall 2025,85.2,Medium,2,0,8,78,85,86,94,83,85.2,83.0,95.0,86.0,85.0,86.0,93.0,97.0,88.0,89.12,93,93,90.66,Calculus,Geometry,1,03212499404,parent.tariq99@gmail.com,20.14,Low Risk
STU1190,Nida Cheema,Grade 11,B,Islamiyat,Fall 2025,43.8,Low,5,2,8,43,28,45,27,37,36.0,32.0,26.0,24.0,45.0,50.0,43.0,,,36.67,50,20,34.03,Fiqh,Zakat,12,03213151093,parent.nida73@gmail.com,62.86,High Risk
STU1191,Nimra Khawaja,Grade 10,B,Computer Science,Fall 2025,82.0,Low,1,2,8,55,51,56,58,65,57.0,73.0,,60.0,,58.0,61.0,61.0,67.0,63.33,61,49,56.47,Python Basics,Algorithms,5,03132544441,parent.nimra54@gmail.com,36.15,Medium Risk
STU1192,Nasreen Iqbal,Grade 12,C,Computer Science,Spring 2025,89.3,Medium,2,0,8,90,99,98,89,77,90.6,90.0,97.0,87.0,92.0,98.0,82.0,83.0,98.0,90.88,98,99,95.45,Data Structures,HTML/CSS,3,03119151280,parent.nasreen20@gmail.com,17.56,Low Risk
STU1193,Rahim Rajput,Grade 10,B,Science,Fall 2025,94.1,High,1,0,8,99,86,98,93,91,93.4,92.0,91.0,83.0,83.0,78.0,82.0,85.0,99.0,86.62,84,85,86.75,Chemical Reactions,Newton's Laws,3,03127651353,parent.rahim22@gmail.com,5.92,Low Risk
STU1194,Omar Bokhari,Grade 8,A,Computer Science,Fall 2025,83.9,Low,2,0,8,70,62,59,57,57,61.0,73.0,59.0,64.0,70.0,54.0,54.0,66.0,76.0,64.5,51,70,62.35,Databases,Loops,4,03227816814,parent.omar69@gmail.com,34.58,Medium Risk
STU1195,Parveen Zahid,Grade 11,A,Computer Science,Spring 2025,91.8,High,2,0,8,88,91,95,95,92,92.2,87.0,89.0,93.0,95.0,85.0,80.0,92.0,87.0,88.5,86,84,87.04,Data Structures,HTML/CSS,2,03102833556,parent.parveen10@gmail.com,9.41,Low Risk
STU1196,Shoaib Farooq,Grade 10,B,English,Spring 2025,92.4,High,1,0,8,75,99,88,100,84,89.2,97.0,85.0,78.0,95.0,89.0,84.0,91.0,95.0,89.25,85,85,86.69,Tenses,Synonyms,3,03201564718,parent.shoaib38@gmail.com,7.48,Low Risk
STU1197,Bushra Siddiqui,Grade 9,C,Urdu,Fall 2025,80.4,High,4,0,8,52,55,54,59,53,54.6,70.0,64.0,69.0,64.0,58.0,72.0,69.0,65.0,66.38,50,57,56.65,Prose,Story Writing,2,03243605118,parent.bushra12@gmail.com,27.23,Low Risk
STU1198,Rabia Sheikh,Grade 10,A,English,Fall 2025,88.5,Medium,1,0,8,81,85,88,84,100,87.6,93.0,89.0,92.0,100.0,79.0,88.0,80.0,82.0,87.88,90,82,86.3,Grammar,Punctuation,3,03148748882,parent.rabia34@gmail.com,16.05,Low Risk
STU1199,Waseem Gill,Grade 8,A,Islamiyat,Spring 2025,83.6,Medium,1,0,8,64,73,74,53,66,66.0,71.0,56.0,65.0,62.0,71.0,59.0,60.0,55.0,62.38,66,55,61.43,Quran Tafseer,Ramadan,4,03229179085,parent.waseem91@gmail.com,22.92,Low Risk
STU1200,Babar Noor,Grade 9,A,Islamiyat,Spring 2025,89.9,Medium,1,0,8,93,78,87,100,82,88.0,78.0,79.0,96.0,100.0,93.0,100.0,97.0,82.0,90.62,85,85,86.72,Pillars of Islam,Hadith,3,03124535417,parent.babar97@gmail.com,15.53,Low Risk
